{
  "name": "ShinyBob",
  "version": "0.14.9",
  "factorio_version": "0.14",
  "title": "ShinyBob",
  "author": "qjm123/Qumojo, Nexela, Inequalitix",
  "dependencies": [ "base >= 0.14.0", 
  				"? add-loader >= 0.0.8", 
  				"? Loader-Furnace >= 2.0.0", 
  				"? Laser_Beam_Turrets >= 0.1.8",
  				"? Loader-Furnace >= 2.0.0", 
  				"? Laser_Beam_Turrets >= 0.1.8",  				
  				"? deforest-planner >= 0.1.0", 
  				"? Better_Repair_Pack >= 0.1.0",
  				"? filtered-deconstruction-planner >= 0.4.10",
  				"? ModuleInserter >= 1.0.0",  				
 				"boblibrary >= 0.13.0", 
  				"bobconfig >= 0.13.0", 
  				"? bobassembly >= 0.13.0", 
  				"? bobelectronics >= 0.13.0", 
  				"? bobenemies >= 0.13.0", 
  				"? boblogistics >= 0.13.0", 
  				"? bobmining >= 0.13.0", 
  				"? bobmodules >= 0.13.0", 
  				"? bobores >= 0.13.0", 
  				"? bobplates >= 0.13.0", 
  				"? bobpower >= 0.13.0", 
  				"? bobtech >= 0.13.0", 
  				"? bobwarfare >= 0.13.0", 
  				"? bobgreenhouse >= 0.13.0",
  				"? angelsaddons-oresilos >= 0.2.2",
  				"? angelsaddons-pressuretanks >= 0.1.1",
  				"? angelsaddons-warehouses >= 0.1.3",
  				"? angelsbioprocessing >= 0.3.0",
  				"? angelsinfiniteores >= 0.5.2",
  				"? angelspetrochem >= 0.4.1",
  				"? angelsrefining >= 0.6.4",
  				"? angelssmelting >= 0.1.3"
  			   ],
  "description": "A new look for Bob's mods by qjm123/Qumojo and Nexela. Graphics compression by Inequalitix."
}
